{
  "frames": {
    "_RUN_000": {
      "trimmed": true,
      "rotated": false,
      "frame": {
        "x": 299,
        "y": 108,
        "w": 148,
        "h": 107
      },
      "spriteSourceSize": {
        "x": 5,
        "y": 0,
        "w": 148,
        "h": 107
      },
      "sourceSize": {
        "w": 159,
        "h": 112
      }
    },
    "_RUN_001": {
      "trimmed": true,
      "rotated": false,
      "frame": {
        "x": 150,
        "y": 108,
        "w": 149,
        "h": 107
      },
      "spriteSourceSize": {
        "x": 9,
        "y": 0,
        "w": 149,
        "h": 107
      },
      "sourceSize": {
        "w": 159,
        "h": 112
      }
    },
    "_RUN_002": {
      "trimmed": true,
      "rotated": false,
      "frame": {
        "x": 0,
        "y": 108,
        "w": 150,
        "h": 107
      },
      "spriteSourceSize": {
        "x": 9,
        "y": 4,
        "w": 150,
        "h": 107
      },
      "sourceSize": {
        "w": 159,
        "h": 112
      }
    },
    "_RUN_003": {
      "trimmed": true,
      "rotated": false,
      "frame": {
        "x": 299,
        "y": 0,
        "w": 147,
        "h": 108
      },
      "spriteSourceSize": {
        "x": 9,
        "y": 0,
        "w": 147,
        "h": 108
      },
      "sourceSize": {
        "w": 159,
        "h": 112
      }
    },
    "_RUN_004": {
      "trimmed": true,
      "rotated": false,
      "frame": {
        "x": 447,
        "y": 108,
        "w": 147,
        "h": 107
      },
      "spriteSourceSize": {
        "x": 9,
        "y": 4,
        "w": 147,
        "h": 107
      },
      "sourceSize": {
        "w": 159,
        "h": 112
      }
    },
    "_RUN_005": {
      "trimmed": true,
      "rotated": false,
      "frame": {
        "x": 0,
        "y": 1,
        "w": 150,
        "h": 107
      },
      "spriteSourceSize": {
        "x": 9,
        "y": 4,
        "w": 150,
        "h": 107
      },
      "sourceSize": {
        "w": 159,
        "h": 112
      }
    },
    "_RUN_006": {
      "trimmed": true,
      "rotated": false,
      "frame": {
        "x": 150,
        "y": 1,
        "w": 149,
        "h": 107
      },
      "spriteSourceSize": {
        "x": 9,
        "y": 0,
        "w": 149,
        "h": 107
      },
      "sourceSize": {
        "w": 159,
        "h": 112
      }
    }
  },
  "meta": {
    "app": "Phaser Editor",
    "version": "1",
    "image": "knight1.png"
  }
}