{
  "level": [
    {
      "type": "image",
      "key": "mono",
      "url": "assets/images/mono.png",
      "overwrite": false
    },
    {
      "type": "spritesheet",
      "key": "boniatillo",
      "url": "assets/images/boniatillo.png",
      "frameWidth": 0,
      "frameHeight": 0,
      "frameMax": -1,
      "margin": 0,
      "spacing": 0
    },
    {
      "type": "spritesheet",
      "key": "Boss1",
      "url": "assets/images/Boss1.png",
      "frameWidth": 256,
      "frameHeight": 256,
      "frameMax": -1,
      "margin": 0,
      "spacing": 0
    },
    {
      "type": "spritesheet",
      "key": "Boss2",
      "url": "assets/images/Boss2.png",
      "frameWidth": 256,
      "frameHeight": 256,
      "frameMax": -1,
      "margin": 0,
      "spacing": 0
    },
    {
      "type": "spritesheet",
      "key": "Boss3",
      "url": "assets/images/Boss3.png",
      "frameWidth": 768,
      "frameHeight": 768,
      "frameMax": -1,
      "margin": 0,
      "spacing": 0
    },
    {
      "type": "spritesheet",
      "key": "G1",
      "url": "assets/images/G1.png",
      "frameWidth": 0,
      "frameHeight": 0,
      "frameMax": -1,
      "margin": 0,
      "spacing": 0
    },
    {
      "type": "spritesheet",
      "key": "G2",
      "url": "assets/images/G2.png",
      "frameWidth": 0,
      "frameHeight": 0,
      "frameMax": -1,
      "margin": 0,
      "spacing": 0
    },
    {
      "type": "spritesheet",
      "key": "G3",
      "url": "assets/images/G3.png",
      "frameWidth": 0,
      "frameHeight": 0,
      "frameMax": -1,
      "margin": 0,
      "spacing": 0
    },
    {
      "type": "spritesheet",
      "key": "JB",
      "url": "assets/images/JB.png",
      "frameWidth": 87,
      "frameHeight": 77,
      "frameMax": -1,
      "margin": 0,
      "spacing": 0
    },
    {
      "type": "spritesheet",
      "key": "MS1",
      "url": "assets/images/MS1.png",
      "frameWidth": 128,
      "frameHeight": 128,
      "frameMax": -1,
      "margin": 0,
      "spacing": 0
    },
    {
      "type": "spritesheet",
      "key": "Mon1",
      "url": "assets/images/Mon1.png",
      "frameWidth": 128,
      "frameHeight": 128,
      "frameMax": -1,
      "margin": 0,
      "spacing": 0
    },
    {
      "type": "spritesheet",
      "key": "Mon2",
      "url": "assets/images/Mon2.png",
      "frameWidth": 128,
      "frameHeight": 128,
      "frameMax": -1,
      "margin": 0,
      "spacing": 0
    },
    {
      "type": "spritesheet",
      "key": "Mon3",
      "url": "assets/images/Mon3.png",
      "frameWidth": 128,
      "frameHeight": 128,
      "frameMax": -1,
      "margin": 0,
      "spacing": 0
    },
    {
      "type": "spritesheet",
      "key": "Mon4",
      "url": "assets/images/Mon4.png",
      "frameWidth": 128,
      "frameHeight": 128,
      "frameMax": -1,
      "margin": 0,
      "spacing": 0
    },
    {
      "type": "spritesheet",
      "key": "New Piskel (1)",
      "url": "assets/images/New Piskel (1).png",
      "frameWidth": 0,
      "frameHeight": 0,
      "frameMax": -1,
      "margin": 0,
      "spacing": 0
    },
    {
      "type": "spritesheet",
      "key": "Redball1",
      "url": "assets/images/Redball1.png",
      "frameWidth": 128,
      "frameHeight": 128,
      "frameMax": -1,
      "margin": 0,
      "spacing": 0
    },
    {
      "type": "spritesheet",
      "key": "boom",
      "url": "assets/images/boom.png",
      "frameWidth": 96,
      "frameHeight": 96,
      "frameMax": -1,
      "margin": 0,
      "spacing": 0
    },
    {
      "type": "spritesheet",
      "key": "bullet",
      "url": "assets/images/bullet.png",
      "frameWidth": 32,
      "frameHeight": 32,
      "frameMax": -1,
      "margin": 0,
      "spacing": 0
    },
    {
      "type": "spritesheet",
      "key": "cum",
      "url": "assets/images/cum.png",
      "frameWidth": 64,
      "frameHeight": 64,
      "frameMax": -1,
      "margin": 0,
      "spacing": 0
    },
    {
      "type": "spritesheet",
      "key": "ship1",
      "url": "assets/images/ship1.png",
      "frameWidth": 32,
      "frameHeight": 32,
      "frameMax": -1,
      "margin": 0,
      "spacing": 0
    },
    {
      "type": "spritesheet",
      "key": "ship2",
      "url": "assets/images/ship2.png",
      "frameWidth": 32,
      "frameHeight": 32,
      "frameMax": -1,
      "margin": 0,
      "spacing": 0
    },
    {
      "type": "spritesheet",
      "key": "team",
      "url": "assets/images/team.png",
      "frameWidth": 0,
      "frameHeight": 0,
      "frameMax": -1,
      "margin": 0,
      "spacing": 0
    },
    {
      "type": "spritesheet",
      "key": "teampic",
      "url": "assets/images/teampic.png",
      "frameWidth": 0,
      "frameHeight": 0,
      "frameMax": -1,
      "margin": 0,
      "spacing": 0
    },
    {
      "type": "image",
      "key": "bg4",
      "url": "assets/images/bg4.jpg",
      "overwrite": false
    },
    {
      "type": "audio",
      "key": "boomsound",
      "urls": ["assets/images/boomsound.ogg"],
      "autoDecode": true
    },
    {
      "type": "audio",
      "key": "music",
      "urls": ["assets/images/music.ogg"],
      "autoDecode": true
    },
    {
      "type": "image",
      "key": "C1S1",
      "url": "assets/images/C1S1.png",
      "overwrite": false
    },
    {
      "type": "image",
      "key": "C1S2",
      "url": "assets/images/C1S2.png",
      "overwrite": false
    },
    {
      "type": "image",
      "key": "C1S3",
      "url": "assets/images/C1S3.png",
      "overwrite": false
    },
    {
      "type": "image",
      "key": "C1S4",
      "url": "assets/images/C1S4.png",
      "overwrite": false
    },
    {
      "type": "image",
      "key": "Starkuy",
      "url": "assets/images/Starkuy.png",
      "overwrite": false
    },
    {
      "type": "image",
      "key": "Nameq",
      "url": "assets/images/Nameq.png",
      "overwrite": false
    },
    {
      "type": "image",
      "key": "C2S1",
      "url": "assets/images/C2S1.png",
      "overwrite": false
    },
    {
      "type": "image",
      "key": "C2S2",
      "url": "assets/images/C2S2.png",
      "overwrite": false
    },
    {
      "type": "image",
      "key": "C3S1",
      "url": "assets/images/C3S1.png",
      "overwrite": false
    },
    {
      "type": "image",
      "key": "C3S2",
      "url": "assets/images/C3S2.png",
      "overwrite": false
    },
    {
      "type": "image",
      "key": "C3S3",
      "url": "assets/images/C3S3.png",
      "overwrite": false
    },
    {
      "type": "image",
      "key": "C3S4",
      "url": "assets/images/C3S4.png",
      "overwrite": false
    },
    {
      "type": "image",
      "key": "C3S5",
      "url": "assets/images/C3S5.png",
      "overwrite": false
    },
    {
      "type": "image",
      "key": "C3S6",
      "url": "assets/images/C3S6.png",
      "overwrite": false
    },
    {
      "type": "image",
      "key": "C4S1",
      "url": "assets/images/C4S1.png",
      "overwrite": false
    },
    {
      "type": "image",
      "key": "C4S2",
      "url": "assets/images/C4S2.png",
      "overwrite": false
    },
    {
      "type": "image",
      "key": "C4S3",
      "url": "assets/images/C4S3.png",
      "overwrite": false
    },
    {
      "type": "image",
      "key": "C4S4",
      "url": "assets/images/C4S4.png",
      "overwrite": false
    },
    {
      "type": "image",
      "key": "C4S5",
      "url": "assets/images/C4S5.png",
      "overwrite": false
    },
    {
      "type": "image",
      "key": "C4S6",
      "url": "assets/images/C4S6.png",
      "overwrite": false
    },
    {
      "type": "audio",
      "key": "laser",
      "urls": ["assets/images/laser.ogg"],
      "autoDecode": true
    },
    {
      "type": "image",
      "key": "bg5",
      "url": "assets/images/bg5.jpg",
      "overwrite": false
    },
    {
      "type": "image",
      "key": "bg6",
      "url": "assets/images/bg6.jpg",
      "overwrite": false
    },
    {
      "type": "image",
      "key": "bg61",
      "url": "assets/images/bg6.png",
      "overwrite": false
    },
    {
      "type": "image",
      "key": "menu",
      "url": "assets/images/menu.png",
      "overwrite": false
    }
  ],
  "start": [
    {
      "type": "image",
      "key": "tap-to-start",
      "url": "assets/images/tap-to-start.png",
      "overwrite": false
    },
    {
      "type": "image",
      "key": "AAA",
      "url": "assets/images/AAA.jpg",
      "overwrite": false
    },
    {
      "type": "image",
      "key": "mstart",
      "url": "assets/images/mstart.png",
      "overwrite": false
    },
    {
      "type": "image",
      "key": "mstory",
      "url": "assets/images/mstory.png",
      "overwrite": false
    },
    {
      "type": "image",
      "key": "mteam",
      "url": "assets/images/mteam.png",
      "overwrite": false
    }
  ],
  "preload": [{
    "type": "image",
    "key": "loading",
    "url": "assets/images/loading.png",
    "overwrite": false
  }],
  "meta": {
    "generated": "1514111260706",
    "app": "Phaser Editor",
    "url": "http://phasereditor.boniatillo.com",
    "version": "1.0",
    "copyright": "Arian Fornaris (c) 2015,2016"
  }
}