{
  "level": [
    {
      "type": "image",
      "key": "logo",
      "url": "assets/images/logo.png",
      "overwrite": false
    },
    {
      "type": "spritesheet",
      "key": "volt",
      "url": "assets/volt_sprite_sheet_by_kwelfury-d5hx008.png",
      "frameWidth": 110,
      "frameHeight": 150,
      "frameMax": -1,
      "margin": 0,
      "spacing": 0
    },
    {
      "type": "audio",
      "key": "mus",
      "urls": ["assets/mus.ogg"],
      "autoDecode": true
    },
    {
      "type": "audio",
      "key": "mus2",
      "urls": ["assets/mus2.ogg"],
      "autoDecode": true
    },
    {
      "type": "audio",
      "key": "mus3",
      "urls": ["assets/mus3.ogg"],
      "autoDecode": true
    },
    {
      "type": "audio",
      "key": "Boom",
      "urls": ["assets/images/Boom.ogg"],
      "autoDecode": true
    },
    {
      "type": "spritesheet",
      "key": "knight",
      "url": "assets/images/knight1.png",
      "frameWidth": 150,
      "frameHeight": 110,
      "frameMax": -1,
      "margin": 0,
      "spacing": 0
    },
    {
      "type": "spritesheet",
      "key": "bullet",
      "url": "assets/images/bullet.png",
      "frameWidth": 13,
      "frameHeight": 25,
      "frameMax": -1,
      "margin": 0,
      "spacing": 0
    },
    {
      "type": "spritesheet",
      "key": "bird",
      "url": "assets/images/bird.png",
      "frameWidth": 55,
      "frameHeight": 50,
      "frameMax": -1,
      "margin": 0,
      "spacing": 0
    },
    {
      "type": "spritesheet",
      "key": "heart",
      "url": "assets/images/heart.png",
      "frameWidth": 32,
      "frameHeight": 32,
      "frameMax": -1,
      "margin": 0,
      "spacing": 0
    },
    {
      "type": "spritesheet",
      "key": "explosion",
      "url": "assets/images/explosion_transparent.png",
      "frameWidth": 64,
      "frameHeight": 64,
      "frameMax": -1,
      "margin": 0,
      "spacing": 0
    },
    {
      "type": "image",
      "key": "map",
      "url": "assets/images/map.png",
      "overwrite": false
    },
    {
      "type": "image",
      "key": "map2",
      "url": "assets/images/midground.png",
      "overwrite": false
    },
    {
      "type": "spritesheet",
      "key": "bullet4",
      "url": "assets/images/bullet4.png",
      "frameWidth": 60,
      "frameHeight": 26,
      "frameMax": -1,
      "margin": 0,
      "spacing": 0
    },
    {
      "type": "spritesheet",
      "key": "BDG",
      "url": "assets/images/BDG.png",
      "frameWidth": 64,
      "frameHeight": 64,
      "frameMax": -1,
      "margin": 0,
      "spacing": 0
    },
    {
      "type": "audio",
      "key": "HF",
      "urls": ["assets/HF.ogg"],
      "autoDecode": true
    },
    {
      "type": "image",
      "key": "ed",
      "url": "assets/images/ed.png",
      "overwrite": false
    }
  ],
  "start": [
    {
      "type": "image",
      "key": "mstart",
      "url": "assets/images/mstart.png",
      "overwrite": false
    },
    {
      "type": "image",
      "key": "mstory",
      "url": "assets/images/mstory.png",
      "overwrite": false
    },
    {
      "type": "image",
      "key": "mteam",
      "url": "assets/images/mteam.png",
      "overwrite": false
    },
    {
      "type": "image",
      "key": "teampic",
      "url": "assets/images/teampic.png",
      "overwrite": false
    },
    {
      "type": "image",
      "key": "S1",
      "url": "assets/images/S1.png",
      "overwrite": false
    },
    {
      "type": "image",
      "key": "S2",
      "url": "assets/images/S2.png",
      "overwrite": false
    },
    {
      "type": "image",
      "key": "S3",
      "url": "assets/images/S3.png",
      "overwrite": false
    },
    {
      "type": "image",
      "key": "S4",
      "url": "assets/images/S4.png",
      "overwrite": false
    },
    {
      "type": "image",
      "key": "S5",
      "url": "assets/images/S5.png",
      "overwrite": false
    },
    {
      "type": "image",
      "key": "mute",
      "url": "assets/images/mute.png",
      "overwrite": false
    },
    {
      "type": "image",
      "key": "notmute",
      "url": "assets/images/notmute.png",
      "overwrite": false
    }
  ],
  "preload": [{
    "type": "image",
    "key": "loading",
    "url": "assets/images/loading.png",
    "overwrite": false
  }],
  "meta": {
    "generated": "1514261802099",
    "app": "Phaser Editor",
    "url": "http://phasereditor.boniatillo.com",
    "version": "1.0",
    "copyright": "Arian Fornaris (c) 2015,2016"
  }
}